[
{
    "pk": 1, 
    "model": "contenttypes.contenttype", 
    "fields": {
        "model": "permission", 
        "name": "permission", 
        "app_label": "auth"
    }
},
{
    "pk": 2, 
    "model": "contenttypes.contenttype", 
    "fields": {
        "model": "group", 
        "name": "group", 
        "app_label": "auth"
    }
},
{
    "pk": 3, 
    "model": "contenttypes.contenttype", 
    "fields": {
        "model": "user", 
        "name": "user", 
        "app_label": "auth"
    }
},
{
    "pk": 4, 
    "model": "contenttypes.contenttype", 
    "fields": {
        "model": "contenttype", 
        "name": "content type", 
        "app_label": "contenttypes"
    }
},
{
    "pk": 5, 
    "model": "contenttypes.contenttype", 
    "fields": {
        "model": "session", 
        "name": "session", 
        "app_label": "sessions"
    }
},
{
    "pk": 6, 
    "model": "contenttypes.contenttype", 
    "fields": {
        "model": "site", 
        "name": "site", 
        "app_label": "sites"
    }
},
{
    "pk": 7, 
    "model": "contenttypes.contenttype", 
    "fields": {
        "model": "network", 
        "name": "network", 
        "app_label": "pyot"
    }
},
{
    "pk": 8, 
    "model": "contenttypes.contenttype", 
    "fields": {
        "model": "host", 
        "name": "host", 
        "app_label": "pyot"
    }
},
{
    "pk": 9, 
    "model": "contenttypes.contenttype", 
    "fields": {
        "model": "resource", 
        "name": "resource", 
        "app_label": "pyot"
    }
},
{
    "pk": 10, 
    "model": "contenttypes.contenttype", 
    "fields": {
        "model": "eventhandler", 
        "name": "event handler", 
        "app_label": "pyot"
    }
},
{
    "pk": 11, 
    "model": "contenttypes.contenttype", 
    "fields": {
        "model": "subscription", 
        "name": "subscription", 
        "app_label": "pyot"
    }
},
{
    "pk": 12, 
    "model": "contenttypes.contenttype", 
    "fields": {
        "model": "coapmsg", 
        "name": "coap msg", 
        "app_label": "pyot"
    }
},
{
    "pk": 13, 
    "model": "contenttypes.contenttype", 
    "fields": {
        "model": "eventhandlermsg", 
        "name": "event handler msg", 
        "app_label": "pyot"
    }
},
{
    "pk": 14, 
    "model": "contenttypes.contenttype", 
    "fields": {
        "model": "tresprocessing", 
        "name": "t res processing", 
        "app_label": "pyot"
    }
},
{
    "pk": 15, 
    "model": "contenttypes.contenttype", 
    "fields": {
        "model": "emulatorstate", 
        "name": "emulator state", 
        "app_label": "pyot"
    }
},
{
    "pk": 16, 
    "model": "contenttypes.contenttype", 
    "fields": {
        "model": "trest", 
        "name": "t res t", 
        "app_label": "pyot"
    }
},
{
    "pk": 17, 
    "model": "contenttypes.contenttype", 
    "fields": {
        "model": "eventhandlertres", 
        "name": "event handler tres", 
        "app_label": "pyot"
    }
},
{
    "pk": 18, 
    "model": "contenttypes.contenttype", 
    "fields": {
        "model": "userprofile", 
        "name": "user profile", 
        "app_label": "pyot"
    }
},
{
    "pk": 19, 
    "model": "contenttypes.contenttype", 
    "fields": {
        "model": "log", 
        "name": "log", 
        "app_label": "pyot"
    }
},
{
    "pk": 20, 
    "model": "contenttypes.contenttype", 
    "fields": {
        "model": "rplgraph", 
        "name": "rpl graph", 
        "app_label": "pyot"
    }
},
{
    "pk": 21, 
    "model": "contenttypes.contenttype", 
    "fields": {
        "model": "pymap", 
        "name": "py map", 
        "app_label": "pyot"
    }
},
{
    "pk": 22, 
    "model": "contenttypes.contenttype", 
    "fields": {
        "model": "pymapreduce", 
        "name": "py map reduce", 
        "app_label": "pyot"
    }
},
{
    "pk": 23, 
    "model": "contenttypes.contenttype", 
    "fields": {
        "model": "logentry", 
        "name": "log entry", 
        "app_label": "admin"
    }
},
{
    "pk": "zr83cm1z3kmtm79t0urh654xjko0kxqb", 
    "model": "sessions.session", 
    "fields": {
        "expire_date": "2015-02-25T12:34:43", 
        "session_data": "N2IzZjA4OGM5Mjg0MTJhNTYzZDQ4ZjRjNzE3NTQzOWM5MjNiNzJlZTp7Il9hdXRoX3VzZXJfYmFja2VuZCI6ImRqYW5nby5jb250cmliLmF1dGguYmFja2VuZHMuTW9kZWxCYWNrZW5kIiwiX2F1dGhfdXNlcl9pZCI6Mn0="
    }
},
{
    "pk": 1, 
    "model": "sites.site", 
    "fields": {
        "domain": "example.com", 
        "name": "example.com"
    }
},
{
    "pk": 1, 
    "model": "pyot.network", 
    "fields": {
        "timeadded": "2013-10-07T11:26:50", 
        "hostname": "cooja@pyot", 
        "pid": "09454595-4835-47a7-9d1a-2ee0cf87b0be", 
        "network": "bbbb::/64"
    }
},
{
    "pk": 2, 
    "model": "pyot.network", 
    "fields": {
        "timeadded": "2014-01-16T09:48:43", 
        "hostname": "rasp@pyot", 
        "pid": "9d0e125e-aee2-455d-a094-40ffa6254684", 
        "network": "aaaa::/64"
    }
},
{
    "pk": 1, 
    "model": "pyot.host", 
    "fields": {
        "timeadded": "2015-02-11T12:35:16", 
        "network": 1, 
        "keepAliveCount": 134, 
        "location": "", 
        "active": true, 
        "ip6address": "bbbb::200:0:0:2", 
        "lastSeen": "2015-02-11T12:37:18"
    }
},
{
    "pk": 2, 
    "model": "pyot.host", 
    "fields": {
        "timeadded": "2015-02-11T12:35:18", 
        "network": 1, 
        "keepAliveCount": 134, 
        "location": "", 
        "active": true, 
        "ip6address": "bbbb::200:0:0:4", 
        "lastSeen": "2015-02-11T12:37:20"
    }
},
{
    "pk": 3, 
    "model": "pyot.host", 
    "fields": {
        "timeadded": "2015-02-11T12:35:20", 
        "network": 2, 
        "keepAliveCount": 6821, 
        "location": "", 
        "active": true, 
        "ip6address": "aaaa::200:0:0:5", 
        "lastSeen": "2015-02-11T12:37:20"
    }
},
{
    "pk": 4, 
    "model": "pyot.host", 
    "fields": {
        "timeadded": "2015-02-11T12:35:21", 
        "network": 1, 
        "keepAliveCount": 134, 
        "location": "", 
        "active": true, 
        "ip6address": "bbbb::200:0:0:3", 
        "lastSeen": "2015-02-11T12:37:23"
    }
},
{
    "pk": 5, 
    "model": "pyot.host", 
    "fields": {
        "timeadded": "2015-02-11T12:35:29", 
        "network": 2, 
        "keepAliveCount": 6803, 
        "location": "", 
        "active": true, 
        "ip6address": "aaaa::200:0:0:2", 
        "lastSeen": "2015-02-11T12:37:28"
    }
},
{
    "pk": 6, 
    "model": "pyot.host", 
    "fields": {
        "timeadded": "2015-02-11T12:35:32", 
        "network": 2, 
        "keepAliveCount": 6804, 
        "location": "", 
        "active": true, 
        "ip6address": "aaaa::200:0:0:1", 
        "lastSeen": "2015-02-11T12:37:21"
    }
},
{
    "pk": 1, 
    "model": "pyot.resource", 
    "fields": {
        "rt": null, 
        "timeadded": "2015-02-11T12:35:17", 
        "extra": "", 
        "title": null, 
        "uri": "/.well-known/core", 
        "host": 1, 
        "obs": false, 
        "ct": "40"
    }
},
{
    "pk": 2, 
    "model": "pyot.resource", 
    "fields": {
        "rt": null, 
        "timeadded": "2015-02-11T12:35:17", 
        "extra": "", 
        "title": "T-Res tasks index", 
        "uri": "/tasks", 
        "host": 1, 
        "obs": false, 
        "ct": "40"
    }
},
{
    "pk": 3, 
    "model": "pyot.resource", 
    "fields": {
        "rt": "Text", 
        "timeadded": "2015-02-11T12:35:17", 
        "extra": "", 
        "title": "A fake generic actuator", 
        "uri": "/actuator", 
        "host": 1, 
        "obs": false, 
        "ct": null
    }
},
{
    "pk": 4, 
    "model": "pyot.resource", 
    "fields": {
        "rt": "Data", 
        "timeadded": "2015-02-11T12:35:17", 
        "extra": "", 
        "title": "RPL", 
        "uri": "/rplinfo/parents", 
        "host": 1, 
        "obs": false, 
        "ct": null
    }
},
{
    "pk": 5, 
    "model": "pyot.resource", 
    "fields": {
        "rt": null, 
        "timeadded": "2015-02-11T12:35:19", 
        "extra": "", 
        "title": null, 
        "uri": "/.well-known/core", 
        "host": 2, 
        "obs": false, 
        "ct": "40"
    }
},
{
    "pk": 6, 
    "model": "pyot.resource", 
    "fields": {
        "rt": "LightSensor", 
        "timeadded": "2015-02-11T12:35:19", 
        "extra": "", 
        "title": "light", 
        "uri": "/light", 
        "host": 2, 
        "obs": true, 
        "ct": null
    }
},
{
    "pk": 7, 
    "model": "pyot.resource", 
    "fields": {
        "rt": "Control", 
        "timeadded": "2015-02-11T12:35:19", 
        "extra": "", 
        "title": "LED", 
        "uri": "/actuators/leds", 
        "host": 2, 
        "obs": false, 
        "ct": null
    }
},
{
    "pk": 8, 
    "model": "pyot.resource", 
    "fields": {
        "rt": "Data", 
        "timeadded": "2015-02-11T12:35:19", 
        "extra": "", 
        "title": "RPL", 
        "uri": "/rplinfo/parents", 
        "host": 2, 
        "obs": false, 
        "ct": null
    }
},
{
    "pk": 9, 
    "model": "pyot.resource", 
    "fields": {
        "rt": null, 
        "timeadded": "2015-02-11T12:35:21", 
        "extra": "", 
        "title": null, 
        "uri": "/.well-known/core", 
        "host": 3, 
        "obs": false, 
        "ct": "40"
    }
},
{
    "pk": 10, 
    "model": "pyot.resource", 
    "fields": {
        "rt": "Control", 
        "timeadded": "2015-02-11T12:35:21", 
        "extra": "", 
        "title": "Red LED", 
        "uri": "/actuators/toggle", 
        "host": 3, 
        "obs": false, 
        "ct": null
    }
},
{
    "pk": 11, 
    "model": "pyot.resource", 
    "fields": {
        "rt": null, 
        "timeadded": "2015-02-11T12:35:21", 
        "extra": "", 
        "title": "Light", 
        "uri": "/sensors/light", 
        "host": 3, 
        "obs": true, 
        "ct": null
    }
},
{
    "pk": 12, 
    "model": "pyot.resource", 
    "fields": {
        "rt": "Data", 
        "timeadded": "2015-02-11T12:35:21", 
        "extra": "", 
        "title": "RPL", 
        "uri": "/rplinfo/parents", 
        "host": 3, 
        "obs": false, 
        "ct": null
    }
},
{
    "pk": 13, 
    "model": "pyot.resource", 
    "fields": {
        "rt": null, 
        "timeadded": "2015-02-11T12:35:22", 
        "extra": "", 
        "title": null, 
        "uri": "/.well-known/core", 
        "host": 4, 
        "obs": false, 
        "ct": "40"
    }
},
{
    "pk": 14, 
    "model": "pyot.resource", 
    "fields": {
        "rt": "LightSensor", 
        "timeadded": "2015-02-11T12:35:22", 
        "extra": "", 
        "title": "light", 
        "uri": "/light", 
        "host": 4, 
        "obs": true, 
        "ct": null
    }
},
{
    "pk": 15, 
    "model": "pyot.resource", 
    "fields": {
        "rt": "Control", 
        "timeadded": "2015-02-11T12:35:22", 
        "extra": "", 
        "title": "LED", 
        "uri": "/actuators/leds", 
        "host": 4, 
        "obs": false, 
        "ct": null
    }
},
{
    "pk": 16, 
    "model": "pyot.resource", 
    "fields": {
        "rt": "Data", 
        "timeadded": "2015-02-11T12:35:22", 
        "extra": "", 
        "title": "RPL", 
        "uri": "/rplinfo/parents", 
        "host": 4, 
        "obs": false, 
        "ct": null
    }
},
{
    "pk": 17, 
    "model": "pyot.resource", 
    "fields": {
        "rt": null, 
        "timeadded": "2015-02-11T12:35:29", 
        "extra": "", 
        "title": null, 
        "uri": "/.well-known/core", 
        "host": 5, 
        "obs": false, 
        "ct": "40"
    }
},
{
    "pk": 18, 
    "model": "pyot.resource", 
    "fields": {
        "rt": "Control", 
        "timeadded": "2015-02-11T12:35:29", 
        "extra": "", 
        "title": "Red LED", 
        "uri": "/actuators/toggle", 
        "host": 5, 
        "obs": false, 
        "ct": null
    }
},
{
    "pk": 19, 
    "model": "pyot.resource", 
    "fields": {
        "rt": null, 
        "timeadded": "2015-02-11T12:35:29", 
        "extra": "", 
        "title": "Light", 
        "uri": "/sensors/light", 
        "host": 5, 
        "obs": true, 
        "ct": null
    }
},
{
    "pk": 20, 
    "model": "pyot.resource", 
    "fields": {
        "rt": "Data", 
        "timeadded": "2015-02-11T12:35:29", 
        "extra": "", 
        "title": "RPL", 
        "uri": "/rplinfo/parents", 
        "host": 5, 
        "obs": false, 
        "ct": null
    }
},
{
    "pk": 21, 
    "model": "pyot.resource", 
    "fields": {
        "rt": null, 
        "timeadded": "2015-02-11T12:35:32", 
        "extra": "", 
        "title": null, 
        "uri": "/.well-known/core", 
        "host": 6, 
        "obs": false, 
        "ct": "40"
    }
},
{
    "pk": 22, 
    "model": "pyot.resource", 
    "fields": {
        "rt": "Control", 
        "timeadded": "2015-02-11T12:35:32", 
        "extra": "", 
        "title": "Red LED", 
        "uri": "/actuators/toggle", 
        "host": 6, 
        "obs": false, 
        "ct": null
    }
},
{
    "pk": 23, 
    "model": "pyot.resource", 
    "fields": {
        "rt": null, 
        "timeadded": "2015-02-11T12:35:32", 
        "extra": "", 
        "title": "Light", 
        "uri": "/sensors/light", 
        "host": 6, 
        "obs": true, 
        "ct": null
    }
},
{
    "pk": 24, 
    "model": "pyot.resource", 
    "fields": {
        "rt": "Data", 
        "timeadded": "2015-02-11T12:35:32", 
        "extra": "", 
        "title": "RPL", 
        "uri": "/rplinfo/parents", 
        "host": 6, 
        "obs": false, 
        "ct": null
    }
},
{
    "pk": 1, 
    "model": "pyot.log", 
    "fields": {
        "timeadded": "2015-02-11T12:35:17", 
        "message": "bbbb::200:0:0:2", 
        "log_type": "registration"
    }
},
{
    "pk": 2, 
    "model": "pyot.log", 
    "fields": {
        "timeadded": "2015-02-11T12:35:17", 
        "message": "bbbb::200:0:0:2", 
        "log_type": "discovery"
    }
},
{
    "pk": 3, 
    "model": "pyot.log", 
    "fields": {
        "timeadded": "2015-02-11T12:35:19", 
        "message": "bbbb::200:0:0:4", 
        "log_type": "registration"
    }
},
{
    "pk": 4, 
    "model": "pyot.log", 
    "fields": {
        "timeadded": "2015-02-11T12:35:19", 
        "message": "bbbb::200:0:0:4", 
        "log_type": "discovery"
    }
},
{
    "pk": 5, 
    "model": "pyot.log", 
    "fields": {
        "timeadded": "2015-02-11T12:35:21", 
        "message": "aaaa::200:0:0:5", 
        "log_type": "registration"
    }
},
{
    "pk": 6, 
    "model": "pyot.log", 
    "fields": {
        "timeadded": "2015-02-11T12:35:21", 
        "message": "aaaa::200:0:0:5", 
        "log_type": "discovery"
    }
},
{
    "pk": 7, 
    "model": "pyot.log", 
    "fields": {
        "timeadded": "2015-02-11T12:35:21", 
        "message": "bbbb::200:0:0:3", 
        "log_type": "registration"
    }
},
{
    "pk": 8, 
    "model": "pyot.log", 
    "fields": {
        "timeadded": "2015-02-11T12:35:21", 
        "message": "bbbb::200:0:0:3", 
        "log_type": "discovery"
    }
},
{
    "pk": 9, 
    "model": "pyot.log", 
    "fields": {
        "timeadded": "2015-02-11T12:35:29", 
        "message": "aaaa::200:0:0:2", 
        "log_type": "registration"
    }
},
{
    "pk": 10, 
    "model": "pyot.log", 
    "fields": {
        "timeadded": "2015-02-11T12:35:29", 
        "message": "aaaa::200:0:0:2", 
        "log_type": "discovery"
    }
},
{
    "pk": 11, 
    "model": "pyot.log", 
    "fields": {
        "timeadded": "2015-02-11T12:35:32", 
        "message": "aaaa::200:0:0:1", 
        "log_type": "registration"
    }
},
{
    "pk": 12, 
    "model": "pyot.log", 
    "fields": {
        "timeadded": "2015-02-11T12:35:32", 
        "message": "aaaa::200:0:0:1", 
        "log_type": "discovery"
    }
},
{
    "pk": 1, 
    "model": "auth.permission", 
    "fields": {
        "codename": "add_permission", 
        "name": "Can add permission", 
        "content_type": [
            "auth", 
            "permission"
        ]
    }
},
{
    "pk": 2, 
    "model": "auth.permission", 
    "fields": {
        "codename": "change_permission", 
        "name": "Can change permission", 
        "content_type": [
            "auth", 
            "permission"
        ]
    }
},
{
    "pk": 3, 
    "model": "auth.permission", 
    "fields": {
        "codename": "delete_permission", 
        "name": "Can delete permission", 
        "content_type": [
            "auth", 
            "permission"
        ]
    }
},
{
    "pk": 4, 
    "model": "auth.permission", 
    "fields": {
        "codename": "add_group", 
        "name": "Can add group", 
        "content_type": [
            "auth", 
            "group"
        ]
    }
},
{
    "pk": 5, 
    "model": "auth.permission", 
    "fields": {
        "codename": "change_group", 
        "name": "Can change group", 
        "content_type": [
            "auth", 
            "group"
        ]
    }
},
{
    "pk": 6, 
    "model": "auth.permission", 
    "fields": {
        "codename": "delete_group", 
        "name": "Can delete group", 
        "content_type": [
            "auth", 
            "group"
        ]
    }
},
{
    "pk": 7, 
    "model": "auth.permission", 
    "fields": {
        "codename": "add_user", 
        "name": "Can add user", 
        "content_type": [
            "auth", 
            "user"
        ]
    }
},
{
    "pk": 8, 
    "model": "auth.permission", 
    "fields": {
        "codename": "change_user", 
        "name": "Can change user", 
        "content_type": [
            "auth", 
            "user"
        ]
    }
},
{
    "pk": 9, 
    "model": "auth.permission", 
    "fields": {
        "codename": "delete_user", 
        "name": "Can delete user", 
        "content_type": [
            "auth", 
            "user"
        ]
    }
},
{
    "pk": 10, 
    "model": "auth.permission", 
    "fields": {
        "codename": "add_contenttype", 
        "name": "Can add content type", 
        "content_type": [
            "contenttypes", 
            "contenttype"
        ]
    }
},
{
    "pk": 11, 
    "model": "auth.permission", 
    "fields": {
        "codename": "change_contenttype", 
        "name": "Can change content type", 
        "content_type": [
            "contenttypes", 
            "contenttype"
        ]
    }
},
{
    "pk": 12, 
    "model": "auth.permission", 
    "fields": {
        "codename": "delete_contenttype", 
        "name": "Can delete content type", 
        "content_type": [
            "contenttypes", 
            "contenttype"
        ]
    }
},
{
    "pk": 13, 
    "model": "auth.permission", 
    "fields": {
        "codename": "add_session", 
        "name": "Can add session", 
        "content_type": [
            "sessions", 
            "session"
        ]
    }
},
{
    "pk": 14, 
    "model": "auth.permission", 
    "fields": {
        "codename": "change_session", 
        "name": "Can change session", 
        "content_type": [
            "sessions", 
            "session"
        ]
    }
},
{
    "pk": 15, 
    "model": "auth.permission", 
    "fields": {
        "codename": "delete_session", 
        "name": "Can delete session", 
        "content_type": [
            "sessions", 
            "session"
        ]
    }
},
{
    "pk": 16, 
    "model": "auth.permission", 
    "fields": {
        "codename": "add_site", 
        "name": "Can add site", 
        "content_type": [
            "sites", 
            "site"
        ]
    }
},
{
    "pk": 17, 
    "model": "auth.permission", 
    "fields": {
        "codename": "change_site", 
        "name": "Can change site", 
        "content_type": [
            "sites", 
            "site"
        ]
    }
},
{
    "pk": 18, 
    "model": "auth.permission", 
    "fields": {
        "codename": "delete_site", 
        "name": "Can delete site", 
        "content_type": [
            "sites", 
            "site"
        ]
    }
},
{
    "pk": 19, 
    "model": "auth.permission", 
    "fields": {
        "codename": "add_network", 
        "name": "Can add network", 
        "content_type": [
            "pyot", 
            "network"
        ]
    }
},
{
    "pk": 20, 
    "model": "auth.permission", 
    "fields": {
        "codename": "change_network", 
        "name": "Can change network", 
        "content_type": [
            "pyot", 
            "network"
        ]
    }
},
{
    "pk": 21, 
    "model": "auth.permission", 
    "fields": {
        "codename": "delete_network", 
        "name": "Can delete network", 
        "content_type": [
            "pyot", 
            "network"
        ]
    }
},
{
    "pk": 22, 
    "model": "auth.permission", 
    "fields": {
        "codename": "add_host", 
        "name": "Can add host", 
        "content_type": [
            "pyot", 
            "host"
        ]
    }
},
{
    "pk": 23, 
    "model": "auth.permission", 
    "fields": {
        "codename": "change_host", 
        "name": "Can change host", 
        "content_type": [
            "pyot", 
            "host"
        ]
    }
},
{
    "pk": 24, 
    "model": "auth.permission", 
    "fields": {
        "codename": "delete_host", 
        "name": "Can delete host", 
        "content_type": [
            "pyot", 
            "host"
        ]
    }
},
{
    "pk": 25, 
    "model": "auth.permission", 
    "fields": {
        "codename": "add_resource", 
        "name": "Can add resource", 
        "content_type": [
            "pyot", 
            "resource"
        ]
    }
},
{
    "pk": 26, 
    "model": "auth.permission", 
    "fields": {
        "codename": "change_resource", 
        "name": "Can change resource", 
        "content_type": [
            "pyot", 
            "resource"
        ]
    }
},
{
    "pk": 27, 
    "model": "auth.permission", 
    "fields": {
        "codename": "delete_resource", 
        "name": "Can delete resource", 
        "content_type": [
            "pyot", 
            "resource"
        ]
    }
},
{
    "pk": 28, 
    "model": "auth.permission", 
    "fields": {
        "codename": "add_eventhandler", 
        "name": "Can add event handler", 
        "content_type": [
            "pyot", 
            "eventhandler"
        ]
    }
},
{
    "pk": 29, 
    "model": "auth.permission", 
    "fields": {
        "codename": "change_eventhandler", 
        "name": "Can change event handler", 
        "content_type": [
            "pyot", 
            "eventhandler"
        ]
    }
},
{
    "pk": 30, 
    "model": "auth.permission", 
    "fields": {
        "codename": "delete_eventhandler", 
        "name": "Can delete event handler", 
        "content_type": [
            "pyot", 
            "eventhandler"
        ]
    }
},
{
    "pk": 31, 
    "model": "auth.permission", 
    "fields": {
        "codename": "add_subscription", 
        "name": "Can add subscription", 
        "content_type": [
            "pyot", 
            "subscription"
        ]
    }
},
{
    "pk": 32, 
    "model": "auth.permission", 
    "fields": {
        "codename": "change_subscription", 
        "name": "Can change subscription", 
        "content_type": [
            "pyot", 
            "subscription"
        ]
    }
},
{
    "pk": 33, 
    "model": "auth.permission", 
    "fields": {
        "codename": "delete_subscription", 
        "name": "Can delete subscription", 
        "content_type": [
            "pyot", 
            "subscription"
        ]
    }
},
{
    "pk": 34, 
    "model": "auth.permission", 
    "fields": {
        "codename": "add_coapmsg", 
        "name": "Can add coap msg", 
        "content_type": [
            "pyot", 
            "coapmsg"
        ]
    }
},
{
    "pk": 35, 
    "model": "auth.permission", 
    "fields": {
        "codename": "change_coapmsg", 
        "name": "Can change coap msg", 
        "content_type": [
            "pyot", 
            "coapmsg"
        ]
    }
},
{
    "pk": 36, 
    "model": "auth.permission", 
    "fields": {
        "codename": "delete_coapmsg", 
        "name": "Can delete coap msg", 
        "content_type": [
            "pyot", 
            "coapmsg"
        ]
    }
},
{
    "pk": 37, 
    "model": "auth.permission", 
    "fields": {
        "codename": "add_eventhandlermsg", 
        "name": "Can add event handler msg", 
        "content_type": [
            "pyot", 
            "eventhandlermsg"
        ]
    }
},
{
    "pk": 38, 
    "model": "auth.permission", 
    "fields": {
        "codename": "change_eventhandlermsg", 
        "name": "Can change event handler msg", 
        "content_type": [
            "pyot", 
            "eventhandlermsg"
        ]
    }
},
{
    "pk": 39, 
    "model": "auth.permission", 
    "fields": {
        "codename": "delete_eventhandlermsg", 
        "name": "Can delete event handler msg", 
        "content_type": [
            "pyot", 
            "eventhandlermsg"
        ]
    }
},
{
    "pk": 40, 
    "model": "auth.permission", 
    "fields": {
        "codename": "add_tresprocessing", 
        "name": "Can add t res processing", 
        "content_type": [
            "pyot", 
            "tresprocessing"
        ]
    }
},
{
    "pk": 41, 
    "model": "auth.permission", 
    "fields": {
        "codename": "change_tresprocessing", 
        "name": "Can change t res processing", 
        "content_type": [
            "pyot", 
            "tresprocessing"
        ]
    }
},
{
    "pk": 42, 
    "model": "auth.permission", 
    "fields": {
        "codename": "delete_tresprocessing", 
        "name": "Can delete t res processing", 
        "content_type": [
            "pyot", 
            "tresprocessing"
        ]
    }
},
{
    "pk": 43, 
    "model": "auth.permission", 
    "fields": {
        "codename": "add_emulatorstate", 
        "name": "Can add emulator state", 
        "content_type": [
            "pyot", 
            "emulatorstate"
        ]
    }
},
{
    "pk": 44, 
    "model": "auth.permission", 
    "fields": {
        "codename": "change_emulatorstate", 
        "name": "Can change emulator state", 
        "content_type": [
            "pyot", 
            "emulatorstate"
        ]
    }
},
{
    "pk": 45, 
    "model": "auth.permission", 
    "fields": {
        "codename": "delete_emulatorstate", 
        "name": "Can delete emulator state", 
        "content_type": [
            "pyot", 
            "emulatorstate"
        ]
    }
},
{
    "pk": 46, 
    "model": "auth.permission", 
    "fields": {
        "codename": "add_trest", 
        "name": "Can add t res t", 
        "content_type": [
            "pyot", 
            "trest"
        ]
    }
},
{
    "pk": 47, 
    "model": "auth.permission", 
    "fields": {
        "codename": "change_trest", 
        "name": "Can change t res t", 
        "content_type": [
            "pyot", 
            "trest"
        ]
    }
},
{
    "pk": 48, 
    "model": "auth.permission", 
    "fields": {
        "codename": "delete_trest", 
        "name": "Can delete t res t", 
        "content_type": [
            "pyot", 
            "trest"
        ]
    }
},
{
    "pk": 49, 
    "model": "auth.permission", 
    "fields": {
        "codename": "add_eventhandlertres", 
        "name": "Can add event handler tres", 
        "content_type": [
            "pyot", 
            "eventhandlertres"
        ]
    }
},
{
    "pk": 50, 
    "model": "auth.permission", 
    "fields": {
        "codename": "change_eventhandlertres", 
        "name": "Can change event handler tres", 
        "content_type": [
            "pyot", 
            "eventhandlertres"
        ]
    }
},
{
    "pk": 51, 
    "model": "auth.permission", 
    "fields": {
        "codename": "delete_eventhandlertres", 
        "name": "Can delete event handler tres", 
        "content_type": [
            "pyot", 
            "eventhandlertres"
        ]
    }
},
{
    "pk": 52, 
    "model": "auth.permission", 
    "fields": {
        "codename": "add_userprofile", 
        "name": "Can add user profile", 
        "content_type": [
            "pyot", 
            "userprofile"
        ]
    }
},
{
    "pk": 53, 
    "model": "auth.permission", 
    "fields": {
        "codename": "change_userprofile", 
        "name": "Can change user profile", 
        "content_type": [
            "pyot", 
            "userprofile"
        ]
    }
},
{
    "pk": 54, 
    "model": "auth.permission", 
    "fields": {
        "codename": "delete_userprofile", 
        "name": "Can delete user profile", 
        "content_type": [
            "pyot", 
            "userprofile"
        ]
    }
},
{
    "pk": 55, 
    "model": "auth.permission", 
    "fields": {
        "codename": "add_log", 
        "name": "Can add log", 
        "content_type": [
            "pyot", 
            "log"
        ]
    }
},
{
    "pk": 56, 
    "model": "auth.permission", 
    "fields": {
        "codename": "change_log", 
        "name": "Can change log", 
        "content_type": [
            "pyot", 
            "log"
        ]
    }
},
{
    "pk": 57, 
    "model": "auth.permission", 
    "fields": {
        "codename": "delete_log", 
        "name": "Can delete log", 
        "content_type": [
            "pyot", 
            "log"
        ]
    }
},
{
    "pk": 58, 
    "model": "auth.permission", 
    "fields": {
        "codename": "add_rplgraph", 
        "name": "Can add rpl graph", 
        "content_type": [
            "pyot", 
            "rplgraph"
        ]
    }
},
{
    "pk": 59, 
    "model": "auth.permission", 
    "fields": {
        "codename": "change_rplgraph", 
        "name": "Can change rpl graph", 
        "content_type": [
            "pyot", 
            "rplgraph"
        ]
    }
},
{
    "pk": 60, 
    "model": "auth.permission", 
    "fields": {
        "codename": "delete_rplgraph", 
        "name": "Can delete rpl graph", 
        "content_type": [
            "pyot", 
            "rplgraph"
        ]
    }
},
{
    "pk": 61, 
    "model": "auth.permission", 
    "fields": {
        "codename": "add_pymap", 
        "name": "Can add py map", 
        "content_type": [
            "pyot", 
            "pymap"
        ]
    }
},
{
    "pk": 62, 
    "model": "auth.permission", 
    "fields": {
        "codename": "change_pymap", 
        "name": "Can change py map", 
        "content_type": [
            "pyot", 
            "pymap"
        ]
    }
},
{
    "pk": 63, 
    "model": "auth.permission", 
    "fields": {
        "codename": "delete_pymap", 
        "name": "Can delete py map", 
        "content_type": [
            "pyot", 
            "pymap"
        ]
    }
},
{
    "pk": 64, 
    "model": "auth.permission", 
    "fields": {
        "codename": "add_pymapreduce", 
        "name": "Can add py map reduce", 
        "content_type": [
            "pyot", 
            "pymapreduce"
        ]
    }
},
{
    "pk": 65, 
    "model": "auth.permission", 
    "fields": {
        "codename": "change_pymapreduce", 
        "name": "Can change py map reduce", 
        "content_type": [
            "pyot", 
            "pymapreduce"
        ]
    }
},
{
    "pk": 66, 
    "model": "auth.permission", 
    "fields": {
        "codename": "delete_pymapreduce", 
        "name": "Can delete py map reduce", 
        "content_type": [
            "pyot", 
            "pymapreduce"
        ]
    }
},
{
    "pk": 67, 
    "model": "auth.permission", 
    "fields": {
        "codename": "add_logentry", 
        "name": "Can add log entry", 
        "content_type": [
            "admin", 
            "logentry"
        ]
    }
},
{
    "pk": 68, 
    "model": "auth.permission", 
    "fields": {
        "codename": "change_logentry", 
        "name": "Can change log entry", 
        "content_type": [
            "admin", 
            "logentry"
        ]
    }
},
{
    "pk": 69, 
    "model": "auth.permission", 
    "fields": {
        "codename": "delete_logentry", 
        "name": "Can delete log entry", 
        "content_type": [
            "admin", 
            "logentry"
        ]
    }
},
{
    "pk": 2, 
    "model": "auth.user", 
    "fields": {
        "username": "noes", 
        "first_name": "", 
        "last_name": "", 
        "is_active": true, 
        "is_superuser": true, 
        "is_staff": true, 
        "last_login": "2015-02-11T12:34:43", 
        "groups": [], 
        "user_permissions": [], 
        "password": "pbkdf2_sha256$12000$VNBQ5mPH9MGr$TkmnEs15eGcsrJZ7FCz4X93JEZFmLU1jOhqlcDQwwTw=", 
        "email": "noes@noes.noes", 
        "date_joined": "2015-02-11T12:34:40"
    }
},
{
    "pk": 2, 
    "model": "pyot.userprofile", 
    "fields": {
        "organization": "", 
        "user": [
            "noes"
        ]
    }
}
]
