[
{
    "pk": 1, 
    "model": "pyot.network", 
    "fields": {
        "timeadded": "2013-10-07T11:26:50.828", 
        "hostname": "cooja", 
        "pid": "cf992a98-c9cb-416b-b8c6-86e5411b8ee5", 
        "network": "aaaa::/64"
    }
},
{
    "pk": 1, 
    "model": "pyot.host", 
    "fields": {
        "timeadded": "2013-10-07T16:43:22.301", 
        "kqueue": 1, 
        "keepAliveCount": 541, 
        "location": "", 
        "active": true, 
        "ip6address": "aaaa::212:7404:4:404", 
        "lastSeen": "2013-10-07T18:12:03.541"
    }
},
{
    "pk": 2, 
    "model": "pyot.host", 
    "fields": {
        "timeadded": "2013-10-07T16:43:25.541", 
        "kqueue": 1, 
        "keepAliveCount": 541, 
        "location": "", 
        "active": true, 
        "ip6address": "aaaa::212:7402:2:202", 
        "lastSeen": "2013-10-07T18:12:05.421"
    }
},
{
    "pk": 3, 
    "model": "pyot.host", 
    "fields": {
        "timeadded": "2013-10-07T16:43:27.788", 
        "kqueue": 1, 
        "keepAliveCount": 542, 
        "location": "", 
        "active": true, 
        "ip6address": "aaaa::212:7406:6:606", 
        "lastSeen": "2013-10-07T18:12:09.437"
    }
},
{
    "pk": 4, 
    "model": "pyot.host", 
    "fields": {
        "timeadded": "2013-10-07T16:43:33.134", 
        "kqueue": 1, 
        "keepAliveCount": 544, 
        "location": "", 
        "active": true, 
        "ip6address": "aaaa::212:7403:3:303", 
        "lastSeen": "2013-10-07T18:12:10.090"
    }
},
{
    "pk": 5, 
    "model": "pyot.host", 
    "fields": {
        "timeadded": "2013-10-07T16:43:36.676", 
        "kqueue": 1, 
        "keepAliveCount": 545, 
        "location": "", 
        "active": true, 
        "ip6address": "aaaa::212:7405:5:505", 
        "lastSeen": "2013-10-07T18:12:09.905"
    }
},
{
    "pk": 6, 
    "model": "pyot.host", 
    "fields": {
        "timeadded": "2013-10-07T16:43:41.036", 
        "kqueue": 1, 
        "keepAliveCount": 542, 
        "location": "", 
        "active": true, 
        "ip6address": "aaaa::212:7407:7:707", 
        "lastSeen": "2013-10-07T18:12:11.589"
    }
},
{
    "pk": 1, 
    "model": "pyot.resource", 
    "fields": {
        "timeadded": "2013-10-07T16:43:23.539", 
        "host": 1, 
        "obs": false, 
        "uri": "/.well-known/core", 
        "extra": ""
    }
},
{
    "pk": 2, 
    "model": "pyot.resource", 
    "fields": {
        "timeadded": "2013-10-07T16:43:23.694", 
        "host": 1, 
        "obs": true, 
        "uri": "/test/push", 
        "extra": ""
    }
},
{
    "pk": 3, 
    "model": "pyot.resource", 
    "fields": {
        "timeadded": "2013-10-07T16:43:23.836", 
        "host": 1, 
        "obs": true, 
        "uri": "/sensors/button", 
        "extra": ""
    }
},
{
    "pk": 4, 
    "model": "pyot.resource", 
    "fields": {
        "timeadded": "2013-10-07T16:43:23.986", 
        "host": 1, 
        "obs": false, 
        "uri": "/actuators/toggle", 
        "extra": ""
    }
},
{
    "pk": 5, 
    "model": "pyot.resource", 
    "fields": {
        "timeadded": "2013-10-07T16:43:26.502", 
        "host": 2, 
        "obs": false, 
        "uri": "/.well-known/core", 
        "extra": ""
    }
},
{
    "pk": 6, 
    "model": "pyot.resource", 
    "fields": {
        "timeadded": "2013-10-07T16:43:26.649", 
        "host": 2, 
        "obs": true, 
        "uri": "/test/push", 
        "extra": ""
    }
},
{
    "pk": 7, 
    "model": "pyot.resource", 
    "fields": {
        "timeadded": "2013-10-07T16:43:26.791", 
        "host": 2, 
        "obs": true, 
        "uri": "/sensors/button", 
        "extra": ""
    }
},
{
    "pk": 8, 
    "model": "pyot.resource", 
    "fields": {
        "timeadded": "2013-10-07T16:43:26.984", 
        "host": 2, 
        "obs": false, 
        "uri": "/actuators/toggle", 
        "extra": ""
    }
},
{
    "pk": 9, 
    "model": "pyot.resource", 
    "fields": {
        "timeadded": "2013-10-07T16:43:28.549", 
        "host": 3, 
        "obs": false, 
        "uri": "/.well-known/core", 
        "extra": ""
    }
},
{
    "pk": 10, 
    "model": "pyot.resource", 
    "fields": {
        "timeadded": "2013-10-07T16:43:28.704", 
        "host": 3, 
        "obs": true, 
        "uri": "/test/push", 
        "extra": ""
    }
},
{
    "pk": 11, 
    "model": "pyot.resource", 
    "fields": {
        "timeadded": "2013-10-07T16:43:28.855", 
        "host": 3, 
        "obs": true, 
        "uri": "/sensors/button", 
        "extra": ""
    }
},
{
    "pk": 12, 
    "model": "pyot.resource", 
    "fields": {
        "timeadded": "2013-10-07T16:43:28.997", 
        "host": 3, 
        "obs": false, 
        "uri": "/actuators/toggle", 
        "extra": ""
    }
},
{
    "pk": 13, 
    "model": "pyot.resource", 
    "fields": {
        "timeadded": "2013-10-07T16:43:33.843", 
        "host": 4, 
        "obs": false, 
        "uri": "/.well-known/core", 
        "extra": ""
    }
},
{
    "pk": 14, 
    "model": "pyot.resource", 
    "fields": {
        "timeadded": "2013-10-07T16:43:33.992", 
        "host": 4, 
        "obs": true, 
        "uri": "/test/push", 
        "extra": ""
    }
},
{
    "pk": 15, 
    "model": "pyot.resource", 
    "fields": {
        "timeadded": "2013-10-07T16:43:34.143", 
        "host": 4, 
        "obs": true, 
        "uri": "/sensors/button", 
        "extra": ""
    }
},
{
    "pk": 16, 
    "model": "pyot.resource", 
    "fields": {
        "timeadded": "2013-10-07T16:43:34.293", 
        "host": 4, 
        "obs": false, 
        "uri": "/actuators/toggle", 
        "extra": ""
    }
},
{
    "pk": 17, 
    "model": "pyot.resource", 
    "fields": {
        "timeadded": "2013-10-07T16:43:37.423", 
        "host": 5, 
        "obs": false, 
        "uri": "/.well-known/core", 
        "extra": ""
    }
},
{
    "pk": 18, 
    "model": "pyot.resource", 
    "fields": {
        "timeadded": "2013-10-07T16:43:37.626", 
        "host": 5, 
        "obs": true, 
        "uri": "/test/push", 
        "extra": ""
    }
},
{
    "pk": 19, 
    "model": "pyot.resource", 
    "fields": {
        "timeadded": "2013-10-07T16:43:37.826", 
        "host": 5, 
        "obs": true, 
        "uri": "/sensors/button", 
        "extra": ""
    }
},
{
    "pk": 20, 
    "model": "pyot.resource", 
    "fields": {
        "timeadded": "2013-10-07T16:43:37.994", 
        "host": 5, 
        "obs": false, 
        "uri": "/actuators/toggle", 
        "extra": ""
    }
},
{
    "pk": 21, 
    "model": "pyot.resource", 
    "fields": {
        "timeadded": "2013-10-07T16:43:41.724", 
        "host": 6, 
        "obs": false, 
        "uri": "/.well-known/core", 
        "extra": ""
    }
},
{
    "pk": 22, 
    "model": "pyot.resource", 
    "fields": {
        "timeadded": "2013-10-07T16:43:41.887", 
        "host": 6, 
        "obs": true, 
        "uri": "/test/push", 
        "extra": ""
    }
},
{
    "pk": 23, 
    "model": "pyot.resource", 
    "fields": {
        "timeadded": "2013-10-07T16:43:42.038", 
        "host": 6, 
        "obs": true, 
        "uri": "/sensors/button", 
        "extra": ""
    }
},
{
    "pk": 24, 
    "model": "pyot.resource", 
    "fields": {
        "timeadded": "2013-10-07T16:43:42.188", 
        "host": 6, 
        "obs": false, 
        "uri": "/actuators/toggle", 
        "extra": ""
    }
},
{
    "pk": 1, 
    "model": "pyot.modificationtrace", 
    "fields": {
        "className": "Host", 
        "lastModified": "2013-10-07T16:43:42.521"
    }
},
{
    "pk": 1, 
    "model": "pyot.subscription", 
    "fields": {
        "timeadded": "2013-10-07T17:10:30.887", 
        "resource": 3, 
        "pid": "4b1a4f52-d9e6-4173-8e7a-a84d55d35300", 
        "active": false, 
        "handler": null, 
        "duration": 5
    }
},
{
    "pk": 2, 
    "model": "pyot.subscription", 
    "fields": {
        "timeadded": "2013-10-07T17:10:36.735", 
        "resource": 3, 
        "pid": "0ad53a5e-ebe4-4987-91d9-bd86aa897545", 
        "active": false, 
        "handler": null, 
        "duration": 5
    }
},
{
    "pk": 3, 
    "model": "pyot.subscription", 
    "fields": {
        "timeadded": "2013-10-07T17:10:42.352", 
        "resource": 3, 
        "pid": "4d0962a3-423c-469b-b49d-063210040601", 
        "active": false, 
        "handler": null, 
        "duration": 5
    }
},
{
    "pk": 4, 
    "model": "pyot.subscription", 
    "fields": {
        "timeadded": "2013-10-07T17:10:48.064", 
        "resource": 3, 
        "pid": "3ee56085-902d-4f69-b434-8c3df6f29b72", 
        "active": false, 
        "handler": null, 
        "duration": 5
    }
},
{
    "pk": 5, 
    "model": "pyot.subscription", 
    "fields": {
        "timeadded": "2013-10-07T17:10:54.310", 
        "resource": 3, 
        "pid": "ee108919-3287-4684-afd5-7ac15f0b21d2", 
        "active": false, 
        "handler": null, 
        "duration": 5
    }
},
{
    "pk": 6, 
    "model": "pyot.subscription", 
    "fields": {
        "timeadded": "2013-10-07T17:11:00.310", 
        "resource": 3, 
        "pid": "20be2574-553b-4628-a936-188e27a84ac0", 
        "active": false, 
        "handler": null, 
        "duration": 5
    }
},
{
    "pk": 7, 
    "model": "pyot.subscription", 
    "fields": {
        "timeadded": "2013-10-07T17:11:06.528", 
        "resource": 3, 
        "pid": "8d6582e9-7cc9-43b4-bf5f-9352b7ec71f5", 
        "active": false, 
        "handler": null, 
        "duration": 5
    }
},
{
    "pk": 8, 
    "model": "pyot.subscription", 
    "fields": {
        "timeadded": "2013-10-07T17:11:12.493", 
        "resource": 3, 
        "pid": "52f64b14-6021-4582-ad37-68a1389ed538", 
        "active": false, 
        "handler": null, 
        "duration": 5
    }
},
{
    "pk": 9, 
    "model": "pyot.subscription", 
    "fields": {
        "timeadded": "2013-10-07T17:11:18.265", 
        "resource": 3, 
        "pid": "bd8124bd-5f7a-4028-80fa-14aee8f67f38", 
        "active": false, 
        "handler": null, 
        "duration": 5
    }
},
{
    "pk": 10, 
    "model": "pyot.subscription", 
    "fields": {
        "timeadded": "2013-10-07T17:11:24.291", 
        "resource": 3, 
        "pid": "939a5f9f-3a0b-4c28-afb0-f92e94fc68be", 
        "active": false, 
        "handler": null, 
        "duration": 5
    }
},
{
    "pk": 11, 
    "model": "pyot.subscription", 
    "fields": {
        "timeadded": "2013-10-07T17:11:30.309", 
        "resource": 3, 
        "pid": "979e1372-2f3a-44b2-8784-8e11554744cd", 
        "active": false, 
        "handler": null, 
        "duration": 5
    }
},
{
    "pk": 12, 
    "model": "pyot.subscription", 
    "fields": {
        "timeadded": "2013-10-07T17:11:36.172", 
        "resource": 3, 
        "pid": "dcca4f74-4f3f-4a2c-add2-2991702be81e", 
        "active": false, 
        "handler": null, 
        "duration": 5
    }
},
{
    "pk": 13, 
    "model": "pyot.subscription", 
    "fields": {
        "timeadded": "2013-10-07T17:11:41.889", 
        "resource": 3, 
        "pid": "33ab7672-0b50-47c2-80eb-8a6b885216a0", 
        "active": false, 
        "handler": null, 
        "duration": 5
    }
},
{
    "pk": 14, 
    "model": "pyot.subscription", 
    "fields": {
        "timeadded": "2013-10-07T17:11:47.615", 
        "resource": 3, 
        "pid": "1d2c9376-b00b-42c0-bac0-d27eb666cd4d", 
        "active": false, 
        "handler": null, 
        "duration": 5
    }
},
{
    "pk": 15, 
    "model": "pyot.subscription", 
    "fields": {
        "timeadded": "2013-10-07T17:11:53.336", 
        "resource": 3, 
        "pid": "8549e4d2-34e5-42ab-abcf-bfedc4ea8996", 
        "active": false, 
        "handler": null, 
        "duration": 5
    }
},
{
    "pk": 16, 
    "model": "pyot.subscription", 
    "fields": {
        "timeadded": "2013-10-07T17:11:59.054", 
        "resource": 3, 
        "pid": "e337c3e5-74e3-4b3c-84e0-39d41385fcf0", 
        "active": false, 
        "handler": null, 
        "duration": 5
    }
},
{
    "pk": 17, 
    "model": "pyot.subscription", 
    "fields": {
        "timeadded": "2013-10-07T17:12:04.826", 
        "resource": 3, 
        "pid": "a117b6c4-91ba-48fd-bed2-e5667a021b04", 
        "active": false, 
        "handler": null, 
        "duration": 5
    }
},
{
    "pk": 18, 
    "model": "pyot.subscription", 
    "fields": {
        "timeadded": "2013-10-07T17:12:12.938", 
        "resource": 3, 
        "pid": "6b2f02a6-7112-43d9-994e-362b131d658c", 
        "active": false, 
        "handler": null, 
        "duration": 5
    }
},
{
    "pk": 19, 
    "model": "pyot.subscription", 
    "fields": {
        "timeadded": "2013-10-07T17:12:25.196", 
        "resource": 3, 
        "pid": "a755f319-347d-41df-8af4-c1bf957cb0c4", 
        "active": false, 
        "handler": null, 
        "duration": 5
    }
},
{
    "pk": 20, 
    "model": "pyot.subscription", 
    "fields": {
        "timeadded": "2013-10-07T17:14:53.134", 
        "resource": 2, 
        "pid": "09457e4a-848e-440c-9b4f-8a574232ae65", 
        "active": false, 
        "handler": null, 
        "duration": 50
    }
},
{
    "pk": 21, 
    "model": "pyot.subscription", 
    "fields": {
        "timeadded": "2013-10-07T17:16:21.156", 
        "resource": 2, 
        "pid": "6c172bcf-04f4-4544-9f55-13d69b73b062", 
        "active": false, 
        "handler": null, 
        "duration": 50
    }
},
{
    "pk": 22, 
    "model": "pyot.subscription", 
    "fields": {
        "timeadded": "2013-10-07T17:16:34.384", 
        "resource": 2, 
        "pid": "958fe2a2-b6eb-441b-bf88-f7ba29091f6f", 
        "active": false, 
        "handler": null, 
        "duration": 50
    }
},
{
    "pk": 23, 
    "model": "pyot.subscription", 
    "fields": {
        "timeadded": "2013-10-07T17:16:46.856", 
        "resource": 2, 
        "pid": "b7314169-9950-4dae-9acd-29c0618a7d28", 
        "active": false, 
        "handler": null, 
        "duration": 50
    }
},
{
    "pk": 24, 
    "model": "pyot.subscription", 
    "fields": {
        "timeadded": "2013-10-07T17:19:12.517", 
        "resource": 2, 
        "pid": "408ebc68-7fed-4b5d-9d1f-8a949a56d0b1", 
        "active": false, 
        "handler": null, 
        "duration": 50
    }
},
{
    "pk": 25, 
    "model": "pyot.subscription", 
    "fields": {
        "timeadded": "2013-10-07T17:19:26.256", 
        "resource": 2, 
        "pid": "79da1329-a74e-423f-b116-14bee2f3fe87", 
        "active": false, 
        "handler": null, 
        "duration": 50
    }
},
{
    "pk": 26, 
    "model": "pyot.subscription", 
    "fields": {
        "timeadded": "2013-10-07T17:24:49.722", 
        "resource": 2, 
        "pid": "598f072b-ffaf-4202-bc56-522f47d69ed8", 
        "active": false, 
        "handler": null, 
        "duration": 70
    }
},
{
    "pk": 27, 
    "model": "pyot.subscription", 
    "fields": {
        "timeadded": "2013-10-07T17:24:52.788", 
        "resource": 2, 
        "pid": "9a0c925f-3476-4188-a333-96b03f871ed9", 
        "active": false, 
        "handler": null, 
        "duration": 70
    }
},
{
    "pk": 28, 
    "model": "pyot.subscription", 
    "fields": {
        "timeadded": "2013-10-07T17:26:32.072", 
        "resource": 2, 
        "pid": "12b472d1-eb23-49e6-9e18-39981c7cac0f", 
        "active": false, 
        "handler": null, 
        "duration": 50
    }
},
{
    "pk": 29, 
    "model": "pyot.subscription", 
    "fields": {
        "timeadded": "2013-10-07T17:29:27.136", 
        "resource": 2, 
        "pid": "d53bf235-9977-4a39-afeb-006619bccbca", 
        "active": false, 
        "handler": null, 
        "duration": 50
    }
},
{
    "pk": 30, 
    "model": "pyot.subscription", 
    "fields": {
        "timeadded": "2013-10-07T17:31:07.350", 
        "resource": 2, 
        "pid": "f37dd1bd-381c-4bed-8d60-55320e3d13ca", 
        "active": false, 
        "handler": null, 
        "duration": 50
    }
},
{
    "pk": 31, 
    "model": "pyot.subscription", 
    "fields": {
        "timeadded": "2013-10-07T17:31:58.387", 
        "resource": 2, 
        "pid": "340529e1-a3a4-4bb4-93a4-e174f8040754", 
        "active": false, 
        "handler": null, 
        "duration": 50
    }
},
{
    "pk": 1, 
    "model": "pyot.coapmsg", 
    "fields": {
        "timeadded": "2013-10-07T16:43:58.309", 
        "code": "2.05", 
        "resource": 2, 
        "sub": null, 
        "_payload": "SXQncyBwZXJpb2RpYyE=\n", 
        "method": "GET"
    }
},
{
    "pk": 2, 
    "model": "pyot.coapmsg", 
    "fields": {
        "timeadded": "2013-10-07T16:44:07.041", 
        "code": "2.05", 
        "resource": 3, 
        "sub": null, 
        "_payload": "SXQncyBldmVudGZ1bCE=\n", 
        "method": "GET"
    }
},
{
    "pk": 3, 
    "model": "pyot.coapmsg", 
    "fields": {
        "timeadded": "2013-10-07T17:12:56.669", 
        "code": "2.05", 
        "resource": 2, 
        "sub": null, 
        "_payload": "SXQncyBwZXJpb2RpYyE=\n", 
        "method": "GET"
    }
},
{
    "pk": 4, 
    "model": "pyot.coapmsg", 
    "fields": {
        "timeadded": "2013-10-07T17:14:59.588", 
        "code": "2.05", 
        "resource": 2, 
        "sub": 20, 
        "_payload": "MTE3\n", 
        "method": "GET"
    }
},
{
    "pk": 5, 
    "model": "pyot.coapmsg", 
    "fields": {
        "timeadded": "2013-10-07T17:15:04.596", 
        "code": "2.05", 
        "resource": 2, 
        "sub": 20, 
        "_payload": "MzYz\n", 
        "method": "GET"
    }
},
{
    "pk": 6, 
    "model": "pyot.coapmsg", 
    "fields": {
        "timeadded": "2013-10-07T17:15:09.588", 
        "code": "2.05", 
        "resource": 2, 
        "sub": 20, 
        "_payload": "MTMy\n", 
        "method": "GET"
    }
},
{
    "pk": 7, 
    "model": "pyot.coapmsg", 
    "fields": {
        "timeadded": "2013-10-07T17:15:14.600", 
        "code": "2.05", 
        "resource": 2, 
        "sub": 20, 
        "_payload": "NDg2\n", 
        "method": "GET"
    }
},
{
    "pk": 8, 
    "model": "pyot.coapmsg", 
    "fields": {
        "timeadded": "2013-10-07T17:15:19.588", 
        "code": "2.05", 
        "resource": 2, 
        "sub": 20, 
        "_payload": "MjMx\n", 
        "method": "GET"
    }
},
{
    "pk": 9, 
    "model": "pyot.coapmsg", 
    "fields": {
        "timeadded": "2013-10-07T17:15:24.596", 
        "code": "2.05", 
        "resource": 2, 
        "sub": 20, 
        "_payload": "MzM=\n", 
        "method": "GET"
    }
},
{
    "pk": 10, 
    "model": "pyot.coapmsg", 
    "fields": {
        "timeadded": "2013-10-07T17:15:29.592", 
        "code": "2.05", 
        "resource": 2, 
        "sub": 20, 
        "_payload": "NDQy\n", 
        "method": "GET"
    }
},
{
    "pk": 11, 
    "model": "pyot.coapmsg", 
    "fields": {
        "timeadded": "2013-10-07T17:15:34.600", 
        "code": "2.05", 
        "resource": 2, 
        "sub": 20, 
        "_payload": "NDQ0\n", 
        "method": "GET"
    }
},
{
    "pk": 12, 
    "model": "pyot.coapmsg", 
    "fields": {
        "timeadded": "2013-10-07T17:15:39.596", 
        "code": "2.05", 
        "resource": 2, 
        "sub": 20, 
        "_payload": "NDg5\n", 
        "method": "GET"
    }
},
{
    "pk": 13, 
    "model": "pyot.coapmsg", 
    "fields": {
        "timeadded": "2013-10-07T17:15:43.516", 
        "code": "2.05", 
        "resource": 2, 
        "sub": 20, 
        "_payload": "NDg3\n", 
        "method": "GET"
    }
},
{
    "pk": 14, 
    "model": "pyot.coapmsg", 
    "fields": {
        "timeadded": "2013-10-07T17:16:29.608", 
        "code": "2.05", 
        "resource": 2, 
        "sub": 21, 
        "_payload": "MTEy\n", 
        "method": "GET"
    }
},
{
    "pk": 15, 
    "model": "pyot.coapmsg", 
    "fields": {
        "timeadded": "2013-10-07T17:16:34.591", 
        "code": "2.05", 
        "resource": 2, 
        "sub": 21, 
        "_payload": "MjU4\n", 
        "method": "GET"
    }
},
{
    "pk": 16, 
    "model": "pyot.coapmsg", 
    "fields": {
        "timeadded": "2013-10-07T17:16:39.612", 
        "code": "2.05", 
        "resource": 2, 
        "sub": 21, 
        "_payload": "Mjc1\n", 
        "method": "GET"
    }
},
{
    "pk": 17, 
    "model": "pyot.coapmsg", 
    "fields": {
        "timeadded": "2013-10-07T17:16:39.612", 
        "code": "2.05", 
        "resource": 2, 
        "sub": 22, 
        "_payload": "Mjc1\n", 
        "method": "GET"
    }
},
{
    "pk": 18, 
    "model": "pyot.coapmsg", 
    "fields": {
        "timeadded": "2013-10-07T17:16:44.620", 
        "code": "2.05", 
        "resource": 2, 
        "sub": 21, 
        "_payload": "MTYx\n", 
        "method": "GET"
    }
},
{
    "pk": 19, 
    "model": "pyot.coapmsg", 
    "fields": {
        "timeadded": "2013-10-07T17:16:44.620", 
        "code": "2.05", 
        "resource": 2, 
        "sub": 22, 
        "_payload": "MTYx\n", 
        "method": "GET"
    }
},
{
    "pk": 20, 
    "model": "pyot.coapmsg", 
    "fields": {
        "timeadded": "2013-10-07T17:16:49.593", 
        "code": "2.05", 
        "resource": 2, 
        "sub": 21, 
        "_payload": "MjM0\n", 
        "method": "GET"
    }
},
{
    "pk": 21, 
    "model": "pyot.coapmsg", 
    "fields": {
        "timeadded": "2013-10-07T17:16:49.601", 
        "code": "2.05", 
        "resource": 2, 
        "sub": 22, 
        "_payload": "MjM0\n", 
        "method": "GET"
    }
},
{
    "pk": 22, 
    "model": "pyot.coapmsg", 
    "fields": {
        "timeadded": "2013-10-07T17:16:54.636", 
        "code": "2.05", 
        "resource": 2, 
        "sub": 22, 
        "_payload": "ODQ=\n", 
        "method": "GET"
    }
},
{
    "pk": 23, 
    "model": "pyot.coapmsg", 
    "fields": {
        "timeadded": "2013-10-07T17:16:54.636", 
        "code": "2.05", 
        "resource": 2, 
        "sub": 21, 
        "_payload": "ODQ=\n", 
        "method": "GET"
    }
},
{
    "pk": 24, 
    "model": "pyot.coapmsg", 
    "fields": {
        "timeadded": "2013-10-07T17:16:59.636", 
        "code": "2.05", 
        "resource": 2, 
        "sub": 21, 
        "_payload": "Mjk3\n", 
        "method": "GET"
    }
},
{
    "pk": 25, 
    "model": "pyot.coapmsg", 
    "fields": {
        "timeadded": "2013-10-07T17:16:59.636", 
        "code": "2.05", 
        "resource": 2, 
        "sub": 22, 
        "_payload": "Mjk3\n", 
        "method": "GET"
    }
},
{
    "pk": 26, 
    "model": "pyot.coapmsg", 
    "fields": {
        "timeadded": "2013-10-07T17:17:04.652", 
        "code": "2.05", 
        "resource": 2, 
        "sub": 22, 
        "_payload": "Mzg3\n", 
        "method": "GET"
    }
},
{
    "pk": 27, 
    "model": "pyot.coapmsg", 
    "fields": {
        "timeadded": "2013-10-07T17:17:04.652", 
        "code": "2.05", 
        "resource": 2, 
        "sub": 21, 
        "_payload": "Mzg3\n", 
        "method": "GET"
    }
},
{
    "pk": 28, 
    "model": "pyot.coapmsg", 
    "fields": {
        "timeadded": "2013-10-07T17:17:09.656", 
        "code": "2.05", 
        "resource": 2, 
        "sub": 21, 
        "_payload": "MTY=\n", 
        "method": "GET"
    }
},
{
    "pk": 29, 
    "model": "pyot.coapmsg", 
    "fields": {
        "timeadded": "2013-10-07T17:17:09.656", 
        "code": "2.05", 
        "resource": 2, 
        "sub": 22, 
        "_payload": "MTY=\n", 
        "method": "GET"
    }
},
{
    "pk": 30, 
    "model": "pyot.coapmsg", 
    "fields": {
        "timeadded": "2013-10-07T17:17:11.536", 
        "code": "2.05", 
        "resource": 2, 
        "sub": 21, 
        "_payload": "Mjc4\n", 
        "method": "GET"
    }
},
{
    "pk": 31, 
    "model": "pyot.coapmsg", 
    "fields": {
        "timeadded": "2013-10-07T17:17:14.656", 
        "code": "2.05", 
        "resource": 2, 
        "sub": 22, 
        "_payload": "Mjc4\n", 
        "method": "GET"
    }
},
{
    "pk": 32, 
    "model": "pyot.coapmsg", 
    "fields": {
        "timeadded": "2013-10-07T17:17:19.652", 
        "code": "2.05", 
        "resource": 2, 
        "sub": 22, 
        "_payload": "MzIz\n", 
        "method": "GET"
    }
},
{
    "pk": 33, 
    "model": "pyot.coapmsg", 
    "fields": {
        "timeadded": "2013-10-07T17:17:19.652", 
        "code": "2.05", 
        "resource": 2, 
        "sub": 23, 
        "_payload": "MzIz\n", 
        "method": "GET"
    }
},
{
    "pk": 34, 
    "model": "pyot.coapmsg", 
    "fields": {
        "timeadded": "2013-10-07T17:17:24.661", 
        "code": "2.05", 
        "resource": 2, 
        "sub": 23, 
        "_payload": "MzYx\n", 
        "method": "GET"
    }
},
{
    "pk": 35, 
    "model": "pyot.coapmsg", 
    "fields": {
        "timeadded": "2013-10-07T17:17:24.663", 
        "code": "2.05", 
        "resource": 2, 
        "sub": 22, 
        "_payload": "MzYx\n", 
        "method": "GET"
    }
},
{
    "pk": 36, 
    "model": "pyot.coapmsg", 
    "fields": {
        "timeadded": "2013-10-07T17:17:24.999", 
        "code": "2.05", 
        "resource": 2, 
        "sub": 22, 
        "_payload": "MzM4\n", 
        "method": "GET"
    }
},
{
    "pk": 37, 
    "model": "pyot.coapmsg", 
    "fields": {
        "timeadded": "2013-10-07T17:17:29.648", 
        "code": "2.05", 
        "resource": 2, 
        "sub": 23, 
        "_payload": "MzM4\n", 
        "method": "GET"
    }
},
{
    "pk": 38, 
    "model": "pyot.coapmsg", 
    "fields": {
        "timeadded": "2013-10-07T17:17:34.656", 
        "code": "2.05", 
        "resource": 2, 
        "sub": 23, 
        "_payload": "OTI=\n", 
        "method": "GET"
    }
},
{
    "pk": 39, 
    "model": "pyot.coapmsg", 
    "fields": {
        "timeadded": "2013-10-07T17:17:37.220", 
        "code": "2.05", 
        "resource": 2, 
        "sub": 23, 
        "_payload": "ODk=\n", 
        "method": "GET"
    }
},
{
    "pk": 40, 
    "model": "pyot.coapmsg", 
    "fields": {
        "timeadded": "2013-10-07T17:18:00.937", 
        "code": "2.05", 
        "resource": 2, 
        "sub": null, 
        "_payload": "SXQncyBwZXJpb2RpYyE=\n", 
        "method": "GET"
    }
},
{
    "pk": 41, 
    "model": "pyot.coapmsg", 
    "fields": {
        "timeadded": "2013-10-07T17:19:19.696", 
        "code": "2.05", 
        "resource": 2, 
        "sub": 24, 
        "_payload": "NDQw\n", 
        "method": "GET"
    }
},
{
    "pk": 42, 
    "model": "pyot.coapmsg", 
    "fields": {
        "timeadded": "2013-10-07T17:19:24.704", 
        "code": "2.05", 
        "resource": 2, 
        "sub": 24, 
        "_payload": "NDA2\n", 
        "method": "GET"
    }
},
{
    "pk": 43, 
    "model": "pyot.coapmsg", 
    "fields": {
        "timeadded": "2013-10-07T17:19:29.704", 
        "code": "2.05", 
        "resource": 2, 
        "sub": 24, 
        "_payload": "NDM=\n", 
        "method": "GET"
    }
},
{
    "pk": 44, 
    "model": "pyot.coapmsg", 
    "fields": {
        "timeadded": "2013-10-07T17:19:34.708", 
        "code": "2.05", 
        "resource": 2, 
        "sub": 24, 
        "_payload": "MjY5\n", 
        "method": "GET"
    }
},
{
    "pk": 45, 
    "model": "pyot.coapmsg", 
    "fields": {
        "timeadded": "2013-10-07T17:19:34.708", 
        "code": "2.05", 
        "resource": 2, 
        "sub": 25, 
        "_payload": "MjY5\n", 
        "method": "GET"
    }
},
{
    "pk": 46, 
    "model": "pyot.coapmsg", 
    "fields": {
        "timeadded": "2013-10-07T17:19:39.712", 
        "code": "2.05", 
        "resource": 2, 
        "sub": 24, 
        "_payload": "MjU0\n", 
        "method": "GET"
    }
},
{
    "pk": 47, 
    "model": "pyot.coapmsg", 
    "fields": {
        "timeadded": "2013-10-07T17:19:39.712", 
        "code": "2.05", 
        "resource": 2, 
        "sub": 25, 
        "_payload": "MjU0\n", 
        "method": "GET"
    }
},
{
    "pk": 48, 
    "model": "pyot.coapmsg", 
    "fields": {
        "timeadded": "2013-10-07T17:19:44.712", 
        "code": "2.05", 
        "resource": 2, 
        "sub": 24, 
        "_payload": "MzI4\n", 
        "method": "GET"
    }
},
{
    "pk": 49, 
    "model": "pyot.coapmsg", 
    "fields": {
        "timeadded": "2013-10-07T17:19:44.712", 
        "code": "2.05", 
        "resource": 2, 
        "sub": 25, 
        "_payload": "MzI4\n", 
        "method": "GET"
    }
},
{
    "pk": 50, 
    "model": "pyot.coapmsg", 
    "fields": {
        "timeadded": "2013-10-07T17:19:49.708", 
        "code": "2.05", 
        "resource": 2, 
        "sub": 25, 
        "_payload": "MTEz\n", 
        "method": "GET"
    }
},
{
    "pk": 51, 
    "model": "pyot.coapmsg", 
    "fields": {
        "timeadded": "2013-10-07T17:19:49.708", 
        "code": "2.05", 
        "resource": 2, 
        "sub": 24, 
        "_payload": "MTEz\n", 
        "method": "GET"
    }
},
{
    "pk": 52, 
    "model": "pyot.coapmsg", 
    "fields": {
        "timeadded": "2013-10-07T17:19:54.720", 
        "code": "2.05", 
        "resource": 2, 
        "sub": 25, 
        "_payload": "Mzk1\n", 
        "method": "GET"
    }
},
{
    "pk": 53, 
    "model": "pyot.coapmsg", 
    "fields": {
        "timeadded": "2013-10-07T17:19:54.720", 
        "code": "2.05", 
        "resource": 2, 
        "sub": 24, 
        "_payload": "Mzk1\n", 
        "method": "GET"
    }
},
{
    "pk": 54, 
    "model": "pyot.coapmsg", 
    "fields": {
        "timeadded": "2013-10-07T17:19:59.704", 
        "code": "2.05", 
        "resource": 2, 
        "sub": 24, 
        "_payload": "ODQ=\n", 
        "method": "GET"
    }
},
{
    "pk": 55, 
    "model": "pyot.coapmsg", 
    "fields": {
        "timeadded": "2013-10-07T17:19:59.704", 
        "code": "2.05", 
        "resource": 2, 
        "sub": 25, 
        "_payload": "ODQ=\n", 
        "method": "GET"
    }
},
{
    "pk": 56, 
    "model": "pyot.coapmsg", 
    "fields": {
        "timeadded": "2013-10-07T17:20:02.820", 
        "code": "2.05", 
        "resource": 2, 
        "sub": 24, 
        "_payload": "MzE0\n", 
        "method": "GET"
    }
},
{
    "pk": 57, 
    "model": "pyot.coapmsg", 
    "fields": {
        "timeadded": "2013-10-07T17:20:04.683", 
        "code": "2.05", 
        "resource": 2, 
        "sub": 25, 
        "_payload": "MzE0\n", 
        "method": "GET"
    }
},
{
    "pk": 58, 
    "model": "pyot.coapmsg", 
    "fields": {
        "timeadded": "2013-10-07T17:20:09.700", 
        "code": "2.05", 
        "resource": 2, 
        "sub": 25, 
        "_payload": "MjMx\n", 
        "method": "GET"
    }
},
{
    "pk": 59, 
    "model": "pyot.coapmsg", 
    "fields": {
        "timeadded": "2013-10-07T17:20:11.653", 
        "code": "2.05", 
        "resource": 2, 
        "sub": null, 
        "_payload": "SXQncyBwZXJpb2RpYyE=\n", 
        "method": "GET"
    }
},
{
    "pk": 60, 
    "model": "pyot.coapmsg", 
    "fields": {
        "timeadded": "2013-10-07T17:20:14.712", 
        "code": "2.05", 
        "resource": 2, 
        "sub": 25, 
        "_payload": "NDYx\n", 
        "method": "GET"
    }
},
{
    "pk": 61, 
    "model": "pyot.coapmsg", 
    "fields": {
        "timeadded": "2013-10-07T17:20:16.652", 
        "code": "2.05", 
        "resource": 2, 
        "sub": 25, 
        "_payload": "Mjg2\n", 
        "method": "GET"
    }
},
{
    "pk": 62, 
    "model": "pyot.coapmsg", 
    "fields": {
        "timeadded": "2013-10-07T17:24:55.332", 
        "code": "2.05", 
        "resource": 2, 
        "sub": 26, 
        "_payload": "Mjk3\n", 
        "method": "GET"
    }
},
{
    "pk": 63, 
    "model": "pyot.coapmsg", 
    "fields": {
        "timeadded": "2013-10-07T17:25:00.328", 
        "code": "2.05", 
        "resource": 2, 
        "sub": 26, 
        "_payload": "Mjgy\n", 
        "method": "GET"
    }
},
{
    "pk": 64, 
    "model": "pyot.coapmsg", 
    "fields": {
        "timeadded": "2013-10-07T17:25:00.328", 
        "code": "2.05", 
        "resource": 2, 
        "sub": 27, 
        "_payload": "Mjgy\n", 
        "method": "GET"
    }
},
{
    "pk": 65, 
    "model": "pyot.coapmsg", 
    "fields": {
        "timeadded": "2013-10-07T17:25:05.336", 
        "code": "2.05", 
        "resource": 2, 
        "sub": 26, 
        "_payload": "MjA0\n", 
        "method": "GET"
    }
},
{
    "pk": 66, 
    "model": "pyot.coapmsg", 
    "fields": {
        "timeadded": "2013-10-07T17:25:05.338", 
        "code": "2.05", 
        "resource": 2, 
        "sub": 27, 
        "_payload": "MjA0\n", 
        "method": "GET"
    }
},
{
    "pk": 67, 
    "model": "pyot.coapmsg", 
    "fields": {
        "timeadded": "2013-10-07T17:25:10.336", 
        "code": "2.05", 
        "resource": 2, 
        "sub": 26, 
        "_payload": "MjAx\n", 
        "method": "GET"
    }
},
{
    "pk": 68, 
    "model": "pyot.coapmsg", 
    "fields": {
        "timeadded": "2013-10-07T17:25:10.337", 
        "code": "2.05", 
        "resource": 2, 
        "sub": 27, 
        "_payload": "MjAx\n", 
        "method": "GET"
    }
},
{
    "pk": 69, 
    "model": "pyot.coapmsg", 
    "fields": {
        "timeadded": "2013-10-07T17:25:15.332", 
        "code": "2.05", 
        "resource": 2, 
        "sub": 26, 
        "_payload": "MTYz\n", 
        "method": "GET"
    }
},
{
    "pk": 70, 
    "model": "pyot.coapmsg", 
    "fields": {
        "timeadded": "2013-10-07T17:25:15.332", 
        "code": "2.05", 
        "resource": 2, 
        "sub": 27, 
        "_payload": "MTYz\n", 
        "method": "GET"
    }
},
{
    "pk": 71, 
    "model": "pyot.coapmsg", 
    "fields": {
        "timeadded": "2013-10-07T17:25:20.328", 
        "code": "2.05", 
        "resource": 2, 
        "sub": 27, 
        "_payload": "Njg=\n", 
        "method": "GET"
    }
},
{
    "pk": 72, 
    "model": "pyot.coapmsg", 
    "fields": {
        "timeadded": "2013-10-07T17:25:20.328", 
        "code": "2.05", 
        "resource": 2, 
        "sub": 26, 
        "_payload": "Njg=\n", 
        "method": "GET"
    }
},
{
    "pk": 73, 
    "model": "pyot.coapmsg", 
    "fields": {
        "timeadded": "2013-10-07T17:25:25.336", 
        "code": "2.05", 
        "resource": 2, 
        "sub": 27, 
        "_payload": "Mjkw\n", 
        "method": "GET"
    }
},
{
    "pk": 74, 
    "model": "pyot.coapmsg", 
    "fields": {
        "timeadded": "2013-10-07T17:25:25.336", 
        "code": "2.05", 
        "resource": 2, 
        "sub": 26, 
        "_payload": "Mjkw\n", 
        "method": "GET"
    }
},
{
    "pk": 75, 
    "model": "pyot.coapmsg", 
    "fields": {
        "timeadded": "2013-10-07T17:25:30.336", 
        "code": "2.05", 
        "resource": 2, 
        "sub": 26, 
        "_payload": "MTE1\n", 
        "method": "GET"
    }
},
{
    "pk": 76, 
    "model": "pyot.coapmsg", 
    "fields": {
        "timeadded": "2013-10-07T17:25:30.336", 
        "code": "2.05", 
        "resource": 2, 
        "sub": 27, 
        "_payload": "MTE1\n", 
        "method": "GET"
    }
},
{
    "pk": 77, 
    "model": "pyot.coapmsg", 
    "fields": {
        "timeadded": "2013-10-07T17:25:35.340", 
        "code": "2.05", 
        "resource": 2, 
        "sub": 26, 
        "_payload": "NDc3\n", 
        "method": "GET"
    }
},
{
    "pk": 78, 
    "model": "pyot.coapmsg", 
    "fields": {
        "timeadded": "2013-10-07T17:25:35.340", 
        "code": "2.05", 
        "resource": 2, 
        "sub": 27, 
        "_payload": "NDc3\n", 
        "method": "GET"
    }
},
{
    "pk": 79, 
    "model": "pyot.coapmsg", 
    "fields": {
        "timeadded": "2013-10-07T17:25:40.332", 
        "code": "2.05", 
        "resource": 2, 
        "sub": 27, 
        "_payload": "Ng==\n", 
        "method": "GET"
    }
},
{
    "pk": 80, 
    "model": "pyot.coapmsg", 
    "fields": {
        "timeadded": "2013-10-07T17:25:40.332", 
        "code": "2.05", 
        "resource": 2, 
        "sub": 26, 
        "_payload": "Ng==\n", 
        "method": "GET"
    }
},
{
    "pk": 81, 
    "model": "pyot.coapmsg", 
    "fields": {
        "timeadded": "2013-10-07T17:25:45.340", 
        "code": "2.05", 
        "resource": 2, 
        "sub": 27, 
        "_payload": "MzI0\n", 
        "method": "GET"
    }
},
{
    "pk": 82, 
    "model": "pyot.coapmsg", 
    "fields": {
        "timeadded": "2013-10-07T17:25:45.340", 
        "code": "2.05", 
        "resource": 2, 
        "sub": 26, 
        "_payload": "MzI0\n", 
        "method": "GET"
    }
},
{
    "pk": 83, 
    "model": "pyot.coapmsg", 
    "fields": {
        "timeadded": "2013-10-07T17:25:50.336", 
        "code": "2.05", 
        "resource": 2, 
        "sub": 26, 
        "_payload": "NDE3\n", 
        "method": "GET"
    }
},
{
    "pk": 84, 
    "model": "pyot.coapmsg", 
    "fields": {
        "timeadded": "2013-10-07T17:25:50.336", 
        "code": "2.05", 
        "resource": 2, 
        "sub": 27, 
        "_payload": "NDE3\n", 
        "method": "GET"
    }
},
{
    "pk": 85, 
    "model": "pyot.coapmsg", 
    "fields": {
        "timeadded": "2013-10-07T17:25:55.348", 
        "code": "2.05", 
        "resource": 2, 
        "sub": 26, 
        "_payload": "MzE=\n", 
        "method": "GET"
    }
},
{
    "pk": 86, 
    "model": "pyot.coapmsg", 
    "fields": {
        "timeadded": "2013-10-07T17:25:55.348", 
        "code": "2.05", 
        "resource": 2, 
        "sub": 27, 
        "_payload": "MzE=\n", 
        "method": "GET"
    }
},
{
    "pk": 87, 
    "model": "pyot.coapmsg", 
    "fields": {
        "timeadded": "2013-10-07T17:26:00.016", 
        "code": "2.05", 
        "resource": 2, 
        "sub": 26, 
        "_payload": "Mjg1\n", 
        "method": "GET"
    }
},
{
    "pk": 88, 
    "model": "pyot.coapmsg", 
    "fields": {
        "timeadded": "2013-10-07T17:26:00.296", 
        "code": "2.05", 
        "resource": 2, 
        "sub": 27, 
        "_payload": "Mjg1\n", 
        "method": "GET"
    }
},
{
    "pk": 89, 
    "model": "pyot.coapmsg", 
    "fields": {
        "timeadded": "2013-10-07T17:26:03.000", 
        "code": "2.05", 
        "resource": 2, 
        "sub": 27, 
        "_payload": "MTg0\n", 
        "method": "GET"
    }
},
{
    "pk": 90, 
    "model": "pyot.coapmsg", 
    "fields": {
        "timeadded": "2013-10-07T17:26:40.336", 
        "code": "2.05", 
        "resource": 2, 
        "sub": 28, 
        "_payload": "NDk4\n", 
        "method": "GET"
    }
},
{
    "pk": 91, 
    "model": "pyot.coapmsg", 
    "fields": {
        "timeadded": "2013-10-07T17:26:45.348", 
        "code": "2.05", 
        "resource": 2, 
        "sub": 28, 
        "_payload": "NDg=\n", 
        "method": "GET"
    }
},
{
    "pk": 92, 
    "model": "pyot.coapmsg", 
    "fields": {
        "timeadded": "2013-10-07T17:26:50.340", 
        "code": "2.05", 
        "resource": 2, 
        "sub": 28, 
        "_payload": "MjI5\n", 
        "method": "GET"
    }
},
{
    "pk": 93, 
    "model": "pyot.coapmsg", 
    "fields": {
        "timeadded": "2013-10-07T17:26:55.352", 
        "code": "2.05", 
        "resource": 2, 
        "sub": 28, 
        "_payload": "MjM5\n", 
        "method": "GET"
    }
},
{
    "pk": 94, 
    "model": "pyot.coapmsg", 
    "fields": {
        "timeadded": "2013-10-07T17:27:00.340", 
        "code": "2.05", 
        "resource": 2, 
        "sub": 28, 
        "_payload": "MzY5\n", 
        "method": "GET"
    }
},
{
    "pk": 95, 
    "model": "pyot.coapmsg", 
    "fields": {
        "timeadded": "2013-10-07T17:27:05.344", 
        "code": "2.05", 
        "resource": 2, 
        "sub": 28, 
        "_payload": "Mjc=\n", 
        "method": "GET"
    }
},
{
    "pk": 96, 
    "model": "pyot.coapmsg", 
    "fields": {
        "timeadded": "2013-10-07T17:27:10.340", 
        "code": "2.05", 
        "resource": 2, 
        "sub": 28, 
        "_payload": "MjMy\n", 
        "method": "GET"
    }
},
{
    "pk": 97, 
    "model": "pyot.coapmsg", 
    "fields": {
        "timeadded": "2013-10-07T17:27:15.348", 
        "code": "2.05", 
        "resource": 2, 
        "sub": 28, 
        "_payload": "MzQ2\n", 
        "method": "GET"
    }
},
{
    "pk": 98, 
    "model": "pyot.coapmsg", 
    "fields": {
        "timeadded": "2013-10-07T17:27:20.340", 
        "code": "2.05", 
        "resource": 2, 
        "sub": 28, 
        "_payload": "MzYz\n", 
        "method": "GET"
    }
},
{
    "pk": 99, 
    "model": "pyot.coapmsg", 
    "fields": {
        "timeadded": "2013-10-07T17:27:22.392", 
        "code": "2.05", 
        "resource": 2, 
        "sub": 28, 
        "_payload": "MzUz\n", 
        "method": "GET"
    }
},
{
    "pk": 100, 
    "model": "pyot.coapmsg", 
    "fields": {
        "timeadded": "2013-10-07T17:29:36.897", 
        "code": "2.05", 
        "resource": 2, 
        "sub": 29, 
        "_payload": "MjA=\n", 
        "method": "GET"
    }
},
{
    "pk": 101, 
    "model": "pyot.coapmsg", 
    "fields": {
        "timeadded": "2013-10-07T17:29:41.888", 
        "code": "2.05", 
        "resource": 2, 
        "sub": 29, 
        "_payload": "MjA1\n", 
        "method": "GET"
    }
},
{
    "pk": 102, 
    "model": "pyot.coapmsg", 
    "fields": {
        "timeadded": "2013-10-07T17:29:46.896", 
        "code": "2.05", 
        "resource": 2, 
        "sub": 29, 
        "_payload": "NDk5\n", 
        "method": "GET"
    }
},
{
    "pk": 103, 
    "model": "pyot.coapmsg", 
    "fields": {
        "timeadded": "2013-10-07T17:29:51.888", 
        "code": "2.05", 
        "resource": 2, 
        "sub": 29, 
        "_payload": "MTI4\n", 
        "method": "GET"
    }
},
{
    "pk": 104, 
    "model": "pyot.coapmsg", 
    "fields": {
        "timeadded": "2013-10-07T17:29:56.896", 
        "code": "2.05", 
        "resource": 2, 
        "sub": 29, 
        "_payload": "NzQ=\n", 
        "method": "GET"
    }
},
{
    "pk": 105, 
    "model": "pyot.coapmsg", 
    "fields": {
        "timeadded": "2013-10-07T17:30:01.892", 
        "code": "2.05", 
        "resource": 2, 
        "sub": 29, 
        "_payload": "Mjc5\n", 
        "method": "GET"
    }
},
{
    "pk": 106, 
    "model": "pyot.coapmsg", 
    "fields": {
        "timeadded": "2013-10-07T17:30:06.896", 
        "code": "2.05", 
        "resource": 2, 
        "sub": 29, 
        "_payload": "NDYx\n", 
        "method": "GET"
    }
},
{
    "pk": 107, 
    "model": "pyot.coapmsg", 
    "fields": {
        "timeadded": "2013-10-07T17:30:11.896", 
        "code": "2.05", 
        "resource": 2, 
        "sub": 29, 
        "_payload": "Mjk0\n", 
        "method": "GET"
    }
},
{
    "pk": 108, 
    "model": "pyot.coapmsg", 
    "fields": {
        "timeadded": "2013-10-07T17:30:16.900", 
        "code": "2.05", 
        "resource": 2, 
        "sub": 29, 
        "_payload": "MzMy\n", 
        "method": "GET"
    }
},
{
    "pk": 109, 
    "model": "pyot.coapmsg", 
    "fields": {
        "timeadded": "2013-10-07T17:30:17.565", 
        "code": "2.05", 
        "resource": 2, 
        "sub": 29, 
        "_payload": "NDYx\n", 
        "method": "GET"
    }
},
{
    "pk": 110, 
    "model": "pyot.coapmsg", 
    "fields": {
        "timeadded": "2013-10-07T17:31:16.940", 
        "code": "2.05", 
        "resource": 2, 
        "sub": 30, 
        "_payload": "NDAy\n", 
        "method": "GET"
    }
},
{
    "pk": 111, 
    "model": "pyot.coapmsg", 
    "fields": {
        "timeadded": "2013-10-07T17:31:21.940", 
        "code": "2.05", 
        "resource": 2, 
        "sub": 30, 
        "_payload": "MTYz\n", 
        "method": "GET"
    }
},
{
    "pk": 112, 
    "model": "pyot.coapmsg", 
    "fields": {
        "timeadded": "2013-10-07T17:31:26.948", 
        "code": "2.05", 
        "resource": 2, 
        "sub": 30, 
        "_payload": "MzA5\n", 
        "method": "GET"
    }
},
{
    "pk": 113, 
    "model": "pyot.coapmsg", 
    "fields": {
        "timeadded": "2013-10-07T17:31:31.944", 
        "code": "2.05", 
        "resource": 2, 
        "sub": 30, 
        "_payload": "MTg=\n", 
        "method": "GET"
    }
},
{
    "pk": 114, 
    "model": "pyot.coapmsg", 
    "fields": {
        "timeadded": "2013-10-07T17:31:36.948", 
        "code": "2.05", 
        "resource": 2, 
        "sub": 30, 
        "_payload": "MTg4\n", 
        "method": "GET"
    }
},
{
    "pk": 115, 
    "model": "pyot.coapmsg", 
    "fields": {
        "timeadded": "2013-10-07T17:31:41.940", 
        "code": "2.05", 
        "resource": 2, 
        "sub": 30, 
        "_payload": "MjA5\n", 
        "method": "GET"
    }
},
{
    "pk": 116, 
    "model": "pyot.coapmsg", 
    "fields": {
        "timeadded": "2013-10-07T17:31:46.960", 
        "code": "2.05", 
        "resource": 2, 
        "sub": 30, 
        "_payload": "MTU=\n", 
        "method": "GET"
    }
},
{
    "pk": 117, 
    "model": "pyot.coapmsg", 
    "fields": {
        "timeadded": "2013-10-07T17:31:51.944", 
        "code": "2.05", 
        "resource": 2, 
        "sub": 30, 
        "_payload": "MzI=\n", 
        "method": "GET"
    }
},
{
    "pk": 118, 
    "model": "pyot.coapmsg", 
    "fields": {
        "timeadded": "2013-10-07T17:31:56.956", 
        "code": "2.05", 
        "resource": 2, 
        "sub": 30, 
        "_payload": "Mzc0\n", 
        "method": "GET"
    }
},
{
    "pk": 119, 
    "model": "pyot.coapmsg", 
    "fields": {
        "timeadded": "2013-10-07T17:31:57.740", 
        "code": "2.05", 
        "resource": 2, 
        "sub": 30, 
        "_payload": "MjEx\n", 
        "method": "GET"
    }
},
{
    "pk": 120, 
    "model": "pyot.coapmsg", 
    "fields": {
        "timeadded": "2013-10-07T17:32:06.956", 
        "code": "2.05", 
        "resource": 2, 
        "sub": 31, 
        "_payload": "MjAx\n", 
        "method": "GET"
    }
},
{
    "pk": 1, 
    "model": "pyot.log", 
    "fields": {
        "message": "aaaa::212:7404:4:404", 
        "type": "discovery", 
        "timeadded": "2013-10-07T16:43:22.476"
    }
},
{
    "pk": 2, 
    "model": "pyot.log", 
    "fields": {
        "message": "aaaa::212:7402:2:202", 
        "type": "discovery", 
        "timeadded": "2013-10-07T16:43:25.740"
    }
},
{
    "pk": 3, 
    "model": "pyot.log", 
    "fields": {
        "message": "aaaa::212:7406:6:606", 
        "type": "discovery", 
        "timeadded": "2013-10-07T16:43:27.955"
    }
},
{
    "pk": 4, 
    "model": "pyot.log", 
    "fields": {
        "message": "aaaa::212:7403:3:303", 
        "type": "discovery", 
        "timeadded": "2013-10-07T16:43:33.319"
    }
},
{
    "pk": 5, 
    "model": "pyot.log", 
    "fields": {
        "message": "aaaa::212:7405:5:505", 
        "type": "discovery", 
        "timeadded": "2013-10-07T16:43:36.834"
    }
},
{
    "pk": 6, 
    "model": "pyot.log", 
    "fields": {
        "message": "aaaa::212:7407:7:707", 
        "type": "discovery", 
        "timeadded": "2013-10-07T16:43:41.199"
    }
}
]
